display_name,stub,dropdown_parent
Home,/

Senjafuda Collections at UO,/senjafuda-collections-at-uo.html
  The Starr Collection,/the-starr-collection.html,Senjafuda Collections at UO
  The Shōbundō Collection,/the-shōbundō-collection.html,Senjafuda Collections at UO

The World of Senjafuda,/world-of-senjafuda.html
  Pasting Senjafuda,/pasting-senjafuda.html,The World of Senjafuda
    Origins and Offerings,/origins-and-offerings.html,The World of Senjafuda
    Pasting and Play,/pasting-and-play.html,The World of Senjafuda
  Exchanging Senjafuda,/exchanging-senjafuda.html,The World of Senjafuda
    Exchanging,/exchanging.html,The World of Senjafuda
    Collecting and Appreciating,/collecting-and-appreciating.html,The World of Senjafuda
    Nostalgia,/nostalgia.html,The World of Senjafuda
  Imagining the Collector,/imagining-the-collector.html,The World of Senjafuda
    Collectors and Foxes,/collectors-and-foxes.html,The World of Senjafuda
    Collectors and Tengu,/collectors-and-tengu.html,The World of Senjafuda
    Collectors and Oni,/collectors-and-oni.html,The World of Senjafuda
    
The World of Yōkai,/world-of-yōkai.html
  Yōkai, Collectively,/yōkai-collectively.html,The World of Yōkai
    Night Parade of a Hundred Demons,/night-parade-of-a-hundred-demons.html,The World of Yōkai
    A Boardgame,/a-boardgame.html,The World of Yōkai
    Matchbox Label Series,/matchbox-label-series.html,The World of Yōkai
    A Senjafuda Yōkai Series,/a-senjafuda-yōkai-series.html,The World of Yōkai
    Tattoos in Print,/tattoos-in-print.html,The World of Yōkai
  Yōkai, Individually,/yōkai-individually.html,The World of Yōkai
    Kappa,/kappa.html,The World of Yōkai
    Cats,/cats.html,The World of Yōkai
    Foxes,/foxes.html,The World of Yōkai
    Tengu,/tengu.html,The World of Yōkai
    Oni,/oni.html,The World of Yōkai

Browse Objects,/browse.html

Glossary,/glossary.html

Bibliography,/bibliography.html

Credits,/credits.html
